Titre,Description_Brute,Lien,Page_Source
Data Analyst H/FEXENTYS,Data Analyst H/F EXENTYS Paris 8e - 75 CDI 30 000 - 40 000 € / an Voir l’offre il y a 6 jours,https://www.hellowork.com/fr-fr/emplois/73514083.html,1
Data Analyst H/FRobert Half,Data Analyst H/F Robert Half Paris - 75 Intérim 55 000 € / an 3 mois Voir l’offre il y a 7 heures,https://www.hellowork.com/fr-fr/emplois/73712411.html,1
Data Analyst H/FALTEN,Data Analyst H/F ALTEN Paris - 75 CDI Voir l’offre il y a 4 jours,https://www.hellowork.com/fr-fr/emplois/73626012.html,1
Data Analyst H/FPixie Services France,Data Analyst H/F Pixie Services France Lille - Paris CDI Télétravail occasionnel Voir l’offre il y a 13 jours,https://www.hellowork.com/fr-fr/emplois/73290567.html,1
Data Analyst H/FMichael Page,Data Analyst H/F Michael Page Paris 14e - 75 CDI 50 000 - 60 000 € / an Voir l’offre il y a 12 jours,https://www.hellowork.com/fr-fr/emplois/73310584.html,1
Data Analyst CRM H/FConsort Group,Data Analyst CRM H/F Consort Group Paris 17e - 75 CDI 45 000 - 50 000 € / an Télétravail partiel Voir l’offre il y a 4 jours,https://www.hellowork.com/fr-fr/emplois/71416673.html,1
Data Analyst Senior H/FBarrière,Data Analyst Senior H/F Barrière Paris 8e - 75 CDI 48 000 - 58 000 € / an Voir l’offre il y a 5 jours,https://www.hellowork.com/fr-fr/emplois/73575953.html,1
Data Analyst Confirmé H/FIONIS Education Group,Data Analyst Confirmé H/F IONIS Education Group Paris 3e - 75 CDI 45 000 - 65 000 € / an Voir l’offre il y a 10 jours,https://www.hellowork.com/fr-fr/emplois/73443546.html,1
Stage - Data Analyst H/FCrédit Agricole Assurances,Stage - Data Analyst H/F Crédit Agricole Assurances Paris - 75 Stage 1 100 - 1 900 € / mois Télétravail partiel Voir l’offre il y a 13 jours,https://www.hellowork.com/fr-fr/emplois/73296685.html,1
Data Analyst Modélisation & Projection H/FHarmonie Mutuelle,Data Analyst Modélisation & Projection H/F Harmonie Mutuelle Paris - 75 CDI Télétravail partiel Voir l’offre il y a 7 jours,https://www.hellowork.com/fr-fr/emplois/73487067.html,1
Consultant Stagiaire - Data Analyst H/FBDO,Consultant Stagiaire - Data Analyst H/F BDO Super recruteur Paris 16e - 75 Stage 1 870 € / mois Voir l’offre il y a 5 jours,https://www.hellowork.com/fr-fr/emplois/73559892.html,1
Stage - Data Analyst - Paris H/FBPCE SA,Stage - Data Analyst - Paris H/F BPCE SA Paris - 75 Stage Voir l’offre il y a 21 heures,https://www.hellowork.com/fr-fr/emplois/72656216.html,1
Data Analyst Risque de Crédit H/FBPCE SA,Data Analyst Risque de Crédit H/F BPCE SA Paris - 75 CDI Télétravail partiel Voir l’offre il y a 6 jours,https://www.hellowork.com/fr-fr/emplois/73555561.html,1
Engineering Project Data Analyst H/FEgis  Groupe,Engineering Project Data Analyst H/F Egis  Groupe Paris - 75 CDI Voir l’offre il y a 10 jours,https://www.hellowork.com/fr-fr/emplois/73422608.html,1
Consultant Stagiaire - Data Analyst H/FBDO,Consultant Stagiaire - Data Analyst H/F BDO Super recruteur Paris 16e - 75 Stage 1 870 € / mois Voir l’offre il y a 5 jours,https://www.hellowork.com/fr-fr/emplois/73559921.html,1
Consultant Stagiaire - Data Analyst H/FBDO,Consultant Stagiaire - Data Analyst H/F BDO Super recruteur Paris 16e - 75 Stage 1 870 € / mois Voir l’offre il y a 5 jours,https://www.hellowork.com/fr-fr/emplois/73559912.html,1
Consultant Stagiaire - Data Analyst H/FBDO,Consultant Stagiaire - Data Analyst H/F BDO Super recruteur Paris 16e - 75 Stage 1 870 € / mois Voir l’offre il y a 5 jours,https://www.hellowork.com/fr-fr/emplois/73559893.html,1
Junior Data Analyst en Stage H/FAPRIL,Junior Data Analyst en Stage H/F APRIL Paris 12e - 75 Stage 6 mois Voir l’offre il y a 3 jours,https://www.hellowork.com/fr-fr/emplois/73637079.html,1
Stage - Data Analyst - Paris H/FBPCE Infogérance & Technologies,Stage - Data Analyst - Paris H/F BPCE Infogérance & Technologies Paris - 75 Stage Voir l’offre il y a 10 jours,https://www.hellowork.com/fr-fr/emplois/72285722.html,1
Business Data Analyst Expérimenté H/FAstek,Business Data Analyst Expérimenté H/F Astek Paris 1er - 75 CDI Télétravail partiel Voir l’offre il y a 13 jours,https://www.hellowork.com/fr-fr/emplois/73281255.html,1
Alternance - Data Analyst H/F,Alternance - Data Analyst H/F Cette entreprise souhaite rester anonyme Paris - 75 Alternance Télétravail occasionnel 1 an Voir l’offre il y a 17 jours,https://www.hellowork.com/fr-fr/emplois/72038398.html,1
Data Analyst - Stratégie et Transformation - CDI H/F5 A SEC France,Data Analyst - Stratégie et Transformation - CDI H/F 5 A SEC France Paris 2e - 75 CDI Télétravail partiel Voir l’offre il y a 5 jours,https://www.hellowork.com/fr-fr/emplois/73584845.html,1
Growth Data Analyst - Intern M - F - N H/FHelloFresh,Growth Data Analyst - Intern M - F - N H/F HelloFresh Paris - 75 Stage Télétravail occasionnel 6 mois Voir l’offre il y a 12 jours,https://www.hellowork.com/fr-fr/emplois/62401451.html,1
Stage - Data Analyst - Scientist H/FCrédit Agricole Assurances,Stage - Data Analyst - Scientist H/F Crédit Agricole Assurances Paris - 75 Stage 670 € / mois Télétravail partiel Voir l’offre il y a 13 jours,https://www.hellowork.com/fr-fr/emplois/73291167.html,1
Data Analyst Expert Dataiku H/FAezan,Data Analyst Expert Dataiku H/F Aezan Paris - 75 Freelance Voir l’offre il y a 13 jours,https://www.hellowork.com/fr-fr/emplois/73272518.html,1
Data Scientist - Data Analyst H/FConsort Group,Data Scientist - Data Analyst H/F Consort Group Paris 17e - 75 CDI 50 000 - 70 000 € / an Télétravail partiel Voir l’offre il y a 23 jours,https://www.hellowork.com/fr-fr/emplois/71839552.html,1
Stagiaire - Data Analyst - Direction Avv H/FSFR,Stagiaire - Data Analyst - Direction Avv H/F SFR Paris 15e - 75 Stage Voir l’offre il y a 16 jours,https://www.hellowork.com/fr-fr/emplois/72089538.html,1
Data Analyst Banque Expérimenté H/FAlteca,Data Analyst Banque Expérimenté H/F Alteca Paris - 75 CDI Voir l’offre il y a 22 jours,https://www.hellowork.com/fr-fr/emplois/71887892.html,1
Data Analyst - Analyste de Données - Myreport H/FGagneraud Construction Siège,Data Analyst - Analyste de Données - Myreport H/F Gagneraud Construction Siège Paris 16e - 75 CDI 40 000 - 45 000 € / an Voir l’offre il y a 24 jours,https://www.hellowork.com/fr-fr/emplois/71775002.html,1
Stage - Data Analyst Sécurité Financière H/FBNP Paribas,Stage - Data Analyst Sécurité Financière H/F BNP Paribas Paris - 75 Stage Télétravail partiel Voir l’offre il y a 18 jours,https://www.hellowork.com/fr-fr/emplois/73105431.html,1
Data Analyst - Stage - Paris H/FPapernest,Data Analyst - Stage - Paris H/F Papernest Paris 19e - 75 Stage Télétravail partiel Voir l’offre il y a 24 jours,https://www.hellowork.com/fr-fr/emplois/69367387.html,2
Stagiaire - Data Analyst H/FSFR,Stagiaire - Data Analyst H/F SFR Paris 15e - 75 Stage Voir l’offre il y a 28 jours,https://www.hellowork.com/fr-fr/emplois/72726646.html,2
Alternance - Data Analyst Junior H/FStudi CFA,"Alternance - Data Analyst Junior H/F Studi CFA Paris 2e - 75 Alternance 486,49 - 1 801,80 € / mois Voir l’offre il y a 24 jours",https://www.hellowork.com/fr-fr/emplois/72876369.html,2
Data Analyst Alternance H/FDSTI School of Engineering,Data Analyst Alternance H/F DSTI School of Engineering Paris - 75 Alternance Télétravail occasionnel 24 mois Voir l’offre il y a 27 jours,https://www.hellowork.com/fr-fr/emplois/48843526.html,2
Senior Data Analyst - Paris H/FSWILE,Senior Data Analyst - Paris H/F SWILE Paris - 75 CDI Voir l’offre plus de 1 mois,https://www.hellowork.com/fr-fr/emplois/71554533.html,2
Assistant Data Analyst Junior BTS S.I.O en Alternance H/FAurlom,Assistant Data Analyst Junior BTS S.I.O en Alternance H/F Aurlom Paris - 75 Alternance 400 - 1 700 € / mois 2 ans Voir l’offre il y a 19 jours,https://www.hellowork.com/fr-fr/emplois/68508930.html,2
Digital Acquisition SEA & Data Business Analyst H/FComptoir des Voyages,Digital Acquisition SEA & Data Business Analyst H/F Comptoir des Voyages Paris - 75 CDI 50 000 € / an Télétravail partiel Voir l’offre il y a 3 jours,https://www.hellowork.com/fr-fr/emplois/73672763.html,2
Business Analyst Data Finance H/FBRED Banque Populaire,Business Analyst Data Finance H/F BRED Banque Populaire Paris - 75 CDI Télétravail partiel Voir l’offre il y a 10 jours,https://www.hellowork.com/fr-fr/emplois/72285983.html,2
Data Quality Manager H/FMichael Page,Data Quality Manager H/F Michael Page Paris 19e - 75 CDI 60 000 - 65 000 € / an Voir l’offre il y a 16 heures,https://www.hellowork.com/fr-fr/emplois/73698403.html,2
Business Analyst Data - Equity Trading H/FW HUB,Business Analyst Data - Equity Trading H/F W HUB Paris 3e - 75 CDI 55 000 - 60 000 € / an Voir l’offre il y a 4 heures,https://www.hellowork.com/fr-fr/emplois/73721660.html,2
Stage Data Analyst Marketing H/FAnjac Health & Beauty,Stage Data Analyst Marketing H/F Anjac Health & Beauty Paris 2e - 75 Stage 6 mois Voir l’offre il y a 29 jours,https://www.hellowork.com/fr-fr/emplois/72669875.html,2
Business Analyst Data H/FSIBYLONE,Business Analyst Data H/F SIBYLONE Super recruteur Paris - 75 CDI 45 000 - 60 000 € / an Télétravail partiel Voir l’offre il y a 21 jours,https://www.hellowork.com/fr-fr/emplois/65845235.html,2
Data And Product Analyst H/FOVHCloud,Data And Product Analyst H/F OVHCloud Roubaix - Paris CDI Voir l’offre il y a 19 jours,https://www.hellowork.com/fr-fr/emplois/73071859.html,2
Business Analyst Data - Expert Data Management - Banque H/FALB Conseil,Business Analyst Data - Expert Data Management - Banque H/F ALB Conseil Paris 8e - 75 CDI 45 000 - 60 000 € / an Voir l’offre il y a 17 jours,https://www.hellowork.com/fr-fr/emplois/73166847.html,2
Business Analyst Data - Services Financiers - Ile-De-France H/FSopra Steria,Business Analyst Data - Services Financiers - Ile-De-France H/F Sopra Steria Paris - 75 CDD Voir l’offre il y a 10 jours,https://www.hellowork.com/fr-fr/emplois/69934672.html,2
Business Analyst - Data Scientist - Domaine Lcb - Ft H/FQUANTEAM,Business Analyst - Data Scientist - Domaine Lcb - Ft H/F QUANTEAM Paris - 75 CDI Voir l’offre il y a 15 jours,https://www.hellowork.com/fr-fr/emplois/72090133.html,2
Data Officer H/FPage Personnel,Data Officer H/F Page Personnel Paris - 75 CDD 38 000 - 40 000 € / an 6 mois Voir l’offre il y a 2 jours,https://www.hellowork.com/fr-fr/emplois/73683033.html,2
Head Of Data H/FEquipaj,Head Of Data H/F Equipaj Paris - 75 CDI 100 000 - 120 000 € / an Voir l’offre il y a 11 heures,https://www.hellowork.com/fr-fr/emplois/73702205.html,2
Alternant Master -Data Analyste H/FKiloutou,"Alternant Master -Data Analyste H/F Kiloutou Paris - 75 Alternance 486,49 - 1 801,80 € / mois Voir l’offre il y a 11 jours",https://www.hellowork.com/fr-fr/emplois/73400122.html,2
Data Snowflake - Dbt H/FEkkiden,Data Snowflake - Dbt H/F Ekkiden Paris 3e - 75 CDI Télétravail partiel Voir l’offre il y a 26 jours,https://www.hellowork.com/fr-fr/emplois/70538705.html,2
Data Analyst - Scientist H/FESIC,"Data Analyst - Scientist H/F ESIC Paris - 75 Alternance 486,49 - 1 801,80 € / mois Voir l’offre il y a 14 jours",https://www.hellowork.com/fr-fr/emplois/72183150.html,2
Formation Data Analyst H/FM2i,Formation Data Analyst H/F M2i Île-de-France Freelance Voir l’offre il y a 15 jours,https://www.hellowork.com/fr-fr/emplois/70959630.html,2
Data Analyst Banque et Finance H/FCrit,Data Analyst Banque et Finance H/F Crit Paris 8e - 75 Intérim 50 000 - 55 000 € / an 6 mois Voir l’offre il y a 18 jours,https://www.hellowork.com/fr-fr/emplois/73142655.html,2
Chargé d'Analyse des Données Comptable et Financieres H/FTecxell intérim,Chargé d'Analyse des Données Comptable et Financieres H/F Tecxell intérim Super recruteur Paris 20e - 75 CDI 40 000 - 45 000 € / an Voir l’offre il y a 17 jours,https://www.hellowork.com/fr-fr/emplois/73174920.html,2
Data Quality Manager H/FGroupe Pierre & Vacances Center Parcs,Data Quality Manager H/F Groupe Pierre & Vacances Center Parcs Paris 19e - 75 CDI Voir l’offre plus de 1 mois,https://www.hellowork.com/fr-fr/emplois/71570376.html,2
Technical Lead - Data Engineering H/FOVHCloud,Technical Lead - Data Engineering H/F OVHCloud France CDI Voir l’offre il y a 10 jours,https://www.hellowork.com/fr-fr/emplois/73442516.html,2
Data Analyst H/FLasecurecrute.fr,Data Analyst H/F Lasecurecrute.fr Paris - 75 CDI Télétravail partiel Voir l’offre il y a 7 jours,https://www.hellowork.com/fr-fr/emplois/73514039.html,3
Senior Data Analyst H/FNexton,Senior Data Analyst H/F Nexton Paris - 75 CDI Voir l’offre il y a 4 jours,https://www.hellowork.com/fr-fr/emplois/73613602.html,3
Senior Data Analyst H/FVroomly,Senior Data Analyst H/F Vroomly Paris 9e - 75 CDD Télétravail occasionnel Voir l’offre il y a 4 jours,https://www.hellowork.com/fr-fr/emplois/71378040.html,3
Data Analyst Confirmé H/FNexton,Data Analyst Confirmé H/F Nexton Paris 2e - 75 CDI Voir l’offre il y a 21 heures,https://www.hellowork.com/fr-fr/emplois/71517087.html,3
Data Analyst Senior H/FNexton,Data Analyst Senior H/F Nexton Paris - 75 CDI Voir l’offre il y a 2 jours,https://www.hellowork.com/fr-fr/emplois/73681287.html,3
IT Data Analyst H/FGroupama Asset Management,IT Data Analyst H/F Groupama Asset Management Paris - 75 CDI Voir l’offre il y a 2 jours,https://www.hellowork.com/fr-fr/emplois/73678752.html,3
Data Analyst Confirmé H/FKlanik,Data Analyst Confirmé H/F Klanik Paris - 75 CDI Voir l’offre il y a 6 jours,https://www.hellowork.com/fr-fr/emplois/73555510.html,3
Data Analyst en CDI H/Fmon-marché.fr,Data Analyst en CDI H/F mon-marché.fr Paris 9e - 75 CDI Télétravail occasionnel Voir l’offre il y a 9 jours,https://www.hellowork.com/fr-fr/emplois/73455568.html,3
Data Analyst Sénior H/FNexton,Data Analyst Sénior H/F Nexton Paris - 75 CDI Voir l’offre il y a 8 jours,https://www.hellowork.com/fr-fr/emplois/72361246.html,3
Senior Data Analyst H/FOrnikar,Senior Data Analyst H/F Ornikar Paris 19e - 75 CDI Télétravail partiel Voir l’offre il y a 11 jours,https://www.hellowork.com/fr-fr/emplois/71113968.html,3
Data Analyst Intern H/FJoko,Data Analyst Intern H/F Joko Paris - 75 Stage Télétravail partiel Voir l’offre il y a 7 jours,https://www.hellowork.com/fr-fr/emplois/71229871.html,3
Senior Data Analyst Safety H/FYubo,Senior Data Analyst Safety H/F Yubo Paris 1er - 75 CDI Télétravail partiel Voir l’offre il y a 1 jour,https://www.hellowork.com/fr-fr/emplois/72577234.html,3
Data Analyst Paris Fr H/FAdidas,Data Analyst Paris Fr H/F Adidas Paris - 75 CDI Télétravail partiel Voir l’offre il y a 6 jours,https://www.hellowork.com/fr-fr/emplois/73556129.html,3
Data Analyst Alteryx - Powerbi H/FNexton,Data Analyst Alteryx - Powerbi H/F Nexton Paris - 75 CDI Voir l’offre il y a 6 jours,https://www.hellowork.com/fr-fr/emplois/73556033.html,3
Data Analyst Pi Apprentice H/FDeezer,Data Analyst Pi Apprentice H/F Deezer Paris 9e - 75 CDI Télétravail occasionnel Voir l’offre il y a 5 jours,https://www.hellowork.com/fr-fr/emplois/73566593.html,3
Product Data Analyst F - m H/FYousign,Product Data Analyst F - m H/F Yousign Paris 8e - 75 CDI Télétravail occasionnel Voir l’offre il y a 15 jours,https://www.hellowork.com/fr-fr/emplois/72090251.html,3
Data Analyst - Casablanca H/FArtefact,Data Analyst - Casablanca H/F Artefact Paris 9e - 75 CDI Télétravail occasionnel Voir l’offre il y a 15 jours,https://www.hellowork.com/fr-fr/emplois/73213642.html,3
Football Research - Data Analyst H/FSkillCorner,Football Research - Data Analyst H/F SkillCorner Paris - 75 CDI Télétravail complet Voir l’offre il y a 21 heures,https://www.hellowork.com/fr-fr/emplois/72612476.html,3
Data Engineer - Data Analyst H/FMC2I,Data Engineer - Data Analyst H/F MC2I Paris 8e - 75 CDI Voir l’offre il y a 15 jours,https://www.hellowork.com/fr-fr/emplois/72095020.html,3
Data Analyst Pi Apprentice H/FDeezer,"Data Analyst Pi Apprentice H/F Deezer Paris - 75 Alternance Temps partiel 486,49 - 1 801,80 € / mois + 1 Voir l’offre il y a 5 jours",https://www.hellowork.com/fr-fr/emplois/71374382.html,3
Customer Data Analyst F - M H/FLacoste,Customer Data Analyst F - M H/F Lacoste Paris 16e - 75 CDI Voir l’offre il y a 18 jours,https://www.hellowork.com/fr-fr/emplois/73146948.html,3
Stage - Data Analyst H/FTessan,Stage - Data Analyst H/F Tessan Paris - 75 Stage Télétravail partiel 6 mois Voir l’offre il y a 18 jours,https://www.hellowork.com/fr-fr/emplois/73119245.html,3
Data Analyst Pi Apprentice H/FDeezer,Data Analyst Pi Apprentice H/F Deezer Paris 9e - 75 Stage Voir l’offre il y a 11 jours,https://www.hellowork.com/fr-fr/emplois/73406614.html,3
Senior Product Data Analyst H/FFront,Senior Product Data Analyst H/F Front Paris - 75 CDI Télétravail complet Voir l’offre il y a 14 jours,https://www.hellowork.com/fr-fr/emplois/73240961.html,3
Stagiaire Gestion de Produit et Data Analyst H/FAkuo,Stagiaire Gestion de Produit et Data Analyst H/F Akuo Paris 8e - 75 CDI Voir l’offre il y a 3 jours,https://www.hellowork.com/fr-fr/emplois/73637027.html,3
Senior Data Analyst Eu Timezones Only H/FFabulous,Senior Data Analyst Eu Timezones Only H/F Fabulous Paris - 75 CDI Télétravail partiel Voir l’offre il y a 5 jours,https://www.hellowork.com/fr-fr/emplois/68999122.html,3
Data Analyst Acquisition - Stage H/FOrnikar,Data Analyst Acquisition - Stage H/F Ornikar Paris 19e - 75 Stage Voir l’offre il y a 13 jours,https://www.hellowork.com/fr-fr/emplois/73263078.html,3
Senior Data Analyst - Casablanca H/FArtefact,Senior Data Analyst - Casablanca H/F Artefact Paris 9e - 75 CDI Télétravail occasionnel Voir l’offre il y a 15 jours,https://www.hellowork.com/fr-fr/emplois/73213643.html,3
Manager Data Analyst - Casablanca H/FArtefact,Manager Data Analyst - Casablanca H/F Artefact Paris 9e - 75 CDI Télétravail occasionnel Voir l’offre il y a 15 jours,https://www.hellowork.com/fr-fr/emplois/73213648.html,3
Saint Laurent Data Analyst Internship H/FKering,Saint Laurent Data Analyst Internship H/F Kering Paris - 75 Stage Voir l’offre il y a 10 jours,https://www.hellowork.com/fr-fr/emplois/43073931.html,3
Data Analyst H/FCaisse des Dépôts et Consignations (CDC),Data Analyst H/F Caisse des Dépôts et Consignations (CDC) Paris 13e - 75 Fonctionnaire Voir l’offre il y a 27 jours,https://www.hellowork.com/fr-fr/emplois/72776268.html,4
Data Analyst Intern - N H/FBelieve,Data Analyst Intern - N H/F Believe Paris - 75 CDI Voir l’offre il y a 24 jours,https://www.hellowork.com/fr-fr/emplois/72921383.html,4
Data Analyst Senior Looker H/FPropulse It,Data Analyst Senior Looker H/F Propulse It Paris - 75 Freelance Voir l’offre il y a 18 jours,https://www.hellowork.com/fr-fr/emplois/73145747.html,4
Data Analyst Senior Projet Connaissance Client H/FCaisse des Dépôts et Consignations (CDC),Data Analyst Senior Projet Connaissance Client H/F Caisse des Dépôts et Consignations (CDC) Paris 13e - 75 CDD Voir l’offre il y a 11 jours,https://www.hellowork.com/fr-fr/emplois/73406350.html,4
Stage Data Analyst - Paris H/FArtefact,Stage Data Analyst - Paris H/F Artefact Paris 9e - 75 Stage Télétravail occasionnel Voir l’offre il y a 18 jours,https://www.hellowork.com/fr-fr/emplois/70841734.html,4
Stage - Group Retail Media - Data Analyst H/FKlepierre,Stage - Group Retail Media - Data Analyst H/F Klepierre Paris 9e - 75 Stage Voir l’offre il y a 9 jours,https://www.hellowork.com/fr-fr/emplois/72332519.html,4
Stage - Assistant Data Analyst CRM H/FDiptyque Paris,Stage - Assistant Data Analyst CRM H/F Diptyque Paris Paris 1er - 75 Stage Télétravail occasionnel Voir l’offre il y a 7 jours,https://www.hellowork.com/fr-fr/emplois/73500530.html,4
Data Analyst - Application Mobile Alternance H/FDailymotion,"Data Analyst - Application Mobile Alternance H/F Dailymotion Paris - 75 Alternance 486,49 - 1 801,80 € / mois Voir l’offre il y a 15 jours",https://www.hellowork.com/fr-fr/emplois/68717549.html,4
Data Analyst Lcb-Ft - Prestation H/FTreezor,Data Analyst Lcb-Ft - Prestation H/F Treezor Paris 17e - 75 CDI Télétravail occasionnel Voir l’offre il y a 18 jours,https://www.hellowork.com/fr-fr/emplois/73149384.html,4
Business Performance Data Analyst Intern - Eng - H/FFree2move,Business Performance Data Analyst Intern - Eng - H/F Free2move Paris 9e - 75 CDI Télétravail occasionnel Voir l’offre il y a 13 jours,https://www.hellowork.com/fr-fr/emplois/71010725.html,4
Data Analyst - Data Engineer H/FDirection nationale de la police aux frontières,Data Analyst - Data Engineer H/F Direction nationale de la police aux frontières Paris - 75 Fonctionnaire Voir l’offre il y a 26 jours,https://www.hellowork.com/fr-fr/emplois/72799184.html,4
Stage - Assistant Marketing & Data Analyst Underwear H/FLacoste,Stage - Assistant Marketing & Data Analyst Underwear H/F Lacoste Paris 16e - 75 Stage Voir l’offre il y a 12 jours,https://www.hellowork.com/fr-fr/emplois/73316164.html,4
Operations Data Analyst Intern W - M - Internship H/FFree2move,Operations Data Analyst Intern W - M - Internship H/F Free2move Paris 9e - 75 CDI Télétravail occasionnel Voir l’offre il y a 15 jours,https://www.hellowork.com/fr-fr/emplois/72090194.html,4
Senior Data Analyst H/FYespark,Senior Data Analyst H/F Yespark Paris - 75 CDI 65 000 - 73 000 € / an Télétravail partiel Voir l’offre il y a 28 jours,https://www.hellowork.com/fr-fr/emplois/71624897.html,4
Assistant Consumer Data Analyst - Stage Janvier 2026 - Neuilly H/FShiseido,Assistant Consumer Data Analyst - Stage Janvier 2026 - Neuilly H/F Shiseido Paris - 75 Stage Voir l’offre il y a 7 jours,https://www.hellowork.com/fr-fr/emplois/71228931.html,4
Senior Data Analyst H/FYubo,Senior Data Analyst H/F Yubo Paris 1er - 75 CDI Télétravail partiel Voir l’offre il y a 29 jours,https://www.hellowork.com/fr-fr/emplois/71592547.html,4
Data Analyst sur la Perte d'Autonomie H/FService Public,Data Analyst sur la Perte d'Autonomie H/F Service Public Paris 15e - 75 Fonctionnaire Voir l’offre il y a 25 jours,https://www.hellowork.com/fr-fr/emplois/72864210.html,4
Senior Data Analyst - Genai Builder H/FArtefact,Senior Data Analyst - Genai Builder H/F Artefact Paris 9e - 75 CDI Télétravail occasionnel Voir l’offre il y a 26 jours,https://www.hellowork.com/fr-fr/emplois/72792479.html,4
Confirmed Data Analyst - Daily H/FBlaBlaCar,Confirmed Data Analyst - Daily H/F BlaBlaCar Paris - 75 CDI Télétravail complet Voir l’offre il y a 28 jours,https://www.hellowork.com/fr-fr/emplois/71664553.html,4
Data Analyst Senior Futur Lead Startup Spécialisée dans la Data H/FOctopus IT,Data Analyst Senior Futur Lead Startup Spécialisée dans la Data H/F Octopus IT Paris - 75 CDI Voir l’offre il y a 24 jours,https://www.hellowork.com/fr-fr/emplois/57414189.html,4
Drhfs Bepsi Data Analyst N°2 - Sic H/FDirection des ressources et des compétences de la police nationale,Drhfs Bepsi Data Analyst N°2 - Sic H/F Direction des ressources et des compétences de la police nationale Paris 12e - 75 Fonctionnaire 160 000 € / an Voir l’offre il y a 26 jours,https://www.hellowork.com/fr-fr/emplois/72799405.html,4
Technical Project Manager & Data Analyst HR H/FPigment,Technical Project Manager & Data Analyst HR H/F Pigment Paris - 75 CDI Télétravail partiel Voir l’offre il y a 29 jours,https://www.hellowork.com/fr-fr/emplois/68140353.html,4
Senior Data Analyst CDI H/FEiquem,Senior Data Analyst CDI H/F Eiquem Paris - 75 CDI 60 000 - 70 000 € / an Voir l’offre plus de 1 mois,https://www.hellowork.com/fr-fr/emplois/72502461.html,4
Data Analyst Splunk Itsi - Secteur Bancaire - Région Parisienne Data Analyst Spécialiste Splunk Itsi - Mission Long Terme - Région Parisienne H/FEasy Partner,Data Analyst Splunk Itsi - Secteur Bancaire - Région Parisienne Data Analyst Spécialiste Splunk Itsi - Mission Long Terme - Région Parisienne H/F Easy Partner Paris - 75 Freelance Voir l’offre il y a 23 jours,https://www.hellowork.com/fr-fr/emplois/72936165.html,4
Data Analyst Chargé de la Valorisation et la Mise à Disposition des Statistiques de la Délinquance H/FService Public,Data Analyst Chargé de la Valorisation et la Mise à Disposition des Statistiques de la Délinquance H/F Service Public Paris 12e - 75 Fonctionnaire Voir l’offre il y a 25 jours,https://www.hellowork.com/fr-fr/emplois/72868718.html,4
Business Analyst Data H/FNexton,Business Analyst Data H/F Nexton Paris - 75 CDI Voir l’offre il y a 20 jours,https://www.hellowork.com/fr-fr/emplois/72996600.html,4
Science & Analytics Manager H/FPennylane,Science & Analytics Manager H/F Pennylane Paris - 75 CDI Télétravail partiel Voir l’offre il y a 7 jours,https://www.hellowork.com/fr-fr/emplois/73508877.html,4
Redacteur·rice Data Analyste H/FService Public,Redacteur·rice Data Analyste H/F Service Public Paris - 75 Fonctionnaire Voir l’offre il y a 10 jours,https://www.hellowork.com/fr-fr/emplois/73415970.html,4
Analyste de Données et Exploitation Réf. 2025-1255 H/FSorbonne Université– Services Universitaires,Analyste de Données et Exploitation Réf. 2025-1255 H/F Sorbonne Université– Services Universitaires Paris 6e - 75 CDD Voir l’offre il y a 13 jours,https://www.hellowork.com/fr-fr/emplois/73296195.html,4
IT Retail Planning Forecast & Analytics Manager H/FChanel,IT Retail Planning Forecast & Analytics Manager H/F Chanel Paris - 75 CDI Voir l’offre il y a 17 jours,https://www.hellowork.com/fr-fr/emplois/73170885.html,4
Marketing Analytics Manager H/FYounited Credit,Marketing Analytics Manager H/F Younited Credit Paris 9e - 75 CDI Télétravail occasionnel Voir l’offre il y a 29 jours,https://www.hellowork.com/fr-fr/emplois/72673026.html,5
Ingénieur·e en Analyse de Données H/FINSERM-Délégation Régionale IDF Centre-Est,Ingénieur·e en Analyse de Données H/F INSERM-Délégation Régionale IDF Centre-Est Paris 13e - 75 CDD Voir l’offre il y a 10 jours,https://www.hellowork.com/fr-fr/emplois/73409612.html,5
Lead Developper Front-End Vue Data Specialist Remote Flexible Paris H/FOctopus IT,Lead Developper Front-End Vue Data Specialist Remote Flexible Paris H/F Octopus IT Paris - 75 CDI 60 000 - 70 000 € / an Voir l’offre il y a 24 jours,https://www.hellowork.com/fr-fr/emplois/57414326.html,5
Les offres ci-dessous sont basées sur les mots-clés de votre recherche,Résultats proches Les offres ci-dessous sont basées sur les mots-clés de votre recherche Développeur Applications Bess H/F Green Energy Service Paris - 75 CDI Voir l’offre il y a 22 jours,https://www.hellowork.com/fr-fr/emplois/71869122.html,5
Consultant Senior Data Gouvernance H/FMagellan Consulting,Consultant Senior Data Gouvernance H/F Magellan Consulting Paris 9e - 75 CDI Voir l’offre il y a 12 jours,https://www.hellowork.com/fr-fr/emplois/73323379.html,5
Consultant Senior Data Advisory - CDI H/FTalan,Consultant Senior Data Advisory - CDI H/F Talan Paris - 75 CDI Voir l’offre il y a 8 jours,https://www.hellowork.com/fr-fr/emplois/61342248.html,5
Chef de Projet IT Supply Chain - Leader Mondial des Équipements pour Bâtiments - CDI chez Client Final H/FKatchMe,Chef de Projet IT Supply Chain - Leader Mondial des Équipements pour Bâtiments - CDI chez Client Final H/F KatchMe Île-de-France CDI 60 000 - 65 000 € / an Télétravail partiel Voir l’offre il y a 5 jours,https://www.hellowork.com/fr-fr/emplois/73586254.html,5
Business Analyst Reporting Reglementaire H/FINNOKKA,Business Analyst Reporting Reglementaire H/F INNOKKA Paris - 75 CDI Voir l’offre il y a 21 jours,https://www.hellowork.com/fr-fr/emplois/72971534.html,5
Business Analyst Group H/FUnik and Co,Business Analyst Group H/F Unik and Co Paris - 75 CDI 75 000 - 85 000 € / an Télétravail partiel Voir l’offre il y a 27 jours,https://www.hellowork.com/fr-fr/emplois/71688479.html,5
Expert Gouvernance et Qualité des Données H/FMalakoff Humanis,Expert Gouvernance et Qualité des Données H/F Malakoff Humanis Paris - 75 CDI Voir l’offre il y a 11 jours,https://www.hellowork.com/fr-fr/emplois/72219147.html,5
Data Engineer Senior - Expert Dataiku - CDI H/FTalan,Data Engineer Senior - Expert Dataiku - CDI H/F Talan Paris - 75 CDI Voir l’offre il y a 9 jours,https://www.hellowork.com/fr-fr/emplois/72337182.html,5
Tech Lead Data H/FBPCE Solutions informatiques,Tech Lead Data H/F BPCE Solutions informatiques Paris - 75 CDI Télétravail partiel Voir l’offre il y a 14 jours,https://www.hellowork.com/fr-fr/emplois/73229070.html,5
Business Analyst H/FSOMA,Business Analyst H/F SOMA Super recruteur Paris - 75 CDI 46 000 - 60 000 € / an Télétravail partiel Voir l’offre il y a 21 jours,https://www.hellowork.com/fr-fr/emplois/55979192.html,5
Ingénieur Commercial - Secteur Banque - Finances - Assurances H/FInetum,Ingénieur Commercial - Secteur Banque - Finances - Assurances H/F Inetum Paris - 75 CDI Télétravail occasionnel Voir l’offre il y a 5 jours,https://www.hellowork.com/fr-fr/emplois/67779142.html,5
Tech Lead - Architecte - Bi H/FW HUB,Tech Lead - Architecte - Bi H/F W HUB Paris 4e - 75 CDI 60 000 - 65 000 € / an Voir l’offre il y a 27 jours,https://www.hellowork.com/fr-fr/emplois/72749645.html,5
Business Analyst H/FAmaris Consulting,Business Analyst H/F Amaris Consulting Île-de-France CDI Voir l’offre il y a 4 jours,https://www.hellowork.com/fr-fr/emplois/70184721.html,5
Business Analyst Risk Credit H/FBruce,Business Analyst Risk Credit H/F Bruce Paris - 75 CDI 65 000 - 70 000 € / an Voir l’offre il y a 3 heures,https://www.hellowork.com/fr-fr/emplois/73723193.html,5
Product Owner IA - Assistance Client B2b H/FFLY IT,Product Owner IA - Assistance Client B2b H/F FLY IT Super recruteur Paris - 75 CDI 65 000 - 75 000 € / an Télétravail partiel Voir l’offre il y a 12 heures,https://www.hellowork.com/fr-fr/emplois/73700349.html,5
Ingénieur d'Affaires ESN Junior Île-De-France H/FKey Points Recrutement,Ingénieur d'Affaires ESN Junior Île-De-France H/F Key Points Recrutement Paris - 75 CDI 34 000 - 38 000 € / an Voir l’offre il y a 12 jours,https://www.hellowork.com/fr-fr/emplois/69846513.html,5
Business Analyst Finance H/FVoluntae,Business Analyst Finance H/F Voluntae Paris 6e - 75 CDI Voir l’offre il y a 4 jours,https://www.hellowork.com/fr-fr/emplois/73630515.html,5
Business Analyst Working Student - Commercial H/FPicnic Technologies,Business Analyst Working Student - Commercial H/F Picnic Technologies Paris - 75 CDI Voir l’offre il y a 18 jours,https://www.hellowork.com/fr-fr/emplois/73145574.html,5
Business Analyst Bancaire H/FConsort Group,Business Analyst Bancaire H/F Consort Group Paris 17e - 75 CDI 55 000 - 63 000 € / an Télétravail partiel Voir l’offre il y a 15 jours,https://www.hellowork.com/fr-fr/emplois/72098241.html,5
