Titre,Description,Lien
Data Analyst H/FEXENTYS,Data Analyst H/F EXENTYS Paris 8e - 75 CDI 30 000 - 40 000 € / an Voir l’offre il y a 2 jours,https://www.hellowork.com/fr-fr/emplois/73514083.html
Data Analyst H/FPixie Services France,Data Analyst H/F Pixie Services France Lille - Paris CDI Télétravail occasionnel Voir l’offre il y a 8 jours,https://www.hellowork.com/fr-fr/emplois/73290567.html
Data Analyst H/FMichael Page,Data Analyst H/F Michael Page Paris 14e - 75 CDI 50 000 - 60 000 € / an Voir l’offre il y a 7 jours,https://www.hellowork.com/fr-fr/emplois/73310584.html
Data Analyst Senior H/FBarrière,Data Analyst Senior H/F Barrière Paris 8e - 75 CDI 48 000 - 58 000 € / an Voir l’offre il y a 12 heures,https://www.hellowork.com/fr-fr/emplois/73575953.html
Data Analyst CRM H/FConsort Group,Data Analyst CRM H/F Consort Group Paris 17e - 75 CDI 45 000 - 50 000 € / an Télétravail partiel Voir l’offre moins d'une heure,https://www.hellowork.com/fr-fr/emplois/71416673.html
Data Analyst Confirmé H/FIONIS Education Group,Data Analyst Confirmé H/F IONIS Education Group Paris 3e - 75 CDI 45 000 - 65 000 € / an Voir l’offre il y a 5 jours,https://www.hellowork.com/fr-fr/emplois/73443546.html
Stage - Data Analyst H/FCrédit Agricole Assurances,Stage - Data Analyst H/F Crédit Agricole Assurances Paris - 75 Stage 1 100 - 1 900 € / mois Télétravail partiel Voir l’offre il y a 8 jours,https://www.hellowork.com/fr-fr/emplois/73296685.html
Data Analyst Modélisation & Projection H/FHarmonie Mutuelle,Data Analyst Modélisation & Projection H/F Harmonie Mutuelle Paris - 75 CDI Télétravail partiel Voir l’offre il y a 2 jours,https://www.hellowork.com/fr-fr/emplois/73487067.html
Alternance - Data Analyst H/F,Alternance - Data Analyst H/F Cette entreprise souhaite rester anonyme Paris - 75 Alternance Télétravail occasionnel 1 an Voir l’offre il y a 13 jours,https://www.hellowork.com/fr-fr/emplois/72038398.html
Consultant Junior - Data Analyst H/FBDO,Consultant Junior - Data Analyst H/F BDO Super recruteur Paris 16e - 75 Stage 1 870 € / mois Voir l’offre il y a 23 heures,https://www.hellowork.com/fr-fr/emplois/73559892.html
Consultant Junior - Data Analyst H/FBDO,Consultant Junior - Data Analyst H/F BDO Super recruteur Paris 16e - 75 Stage 1 870 € / mois Voir l’offre il y a 23 heures,https://www.hellowork.com/fr-fr/emplois/73559893.html
Consultant Junior - Data Analyst H/FBDO,Consultant Junior - Data Analyst H/F BDO Super recruteur Paris 16e - 75 Stage 1 870 € / mois Voir l’offre il y a 23 heures,https://www.hellowork.com/fr-fr/emplois/73559912.html
Consultant Junior - Data Analyst H/FBDO,Consultant Junior - Data Analyst H/F BDO Super recruteur Paris 16e - 75 Stage 1 870 € / mois Voir l’offre il y a 23 heures,https://www.hellowork.com/fr-fr/emplois/73559921.html
Stage - Data Analyst - Paris H/FBPCE Infogérance & Technologies,Stage - Data Analyst - Paris H/F BPCE Infogérance & Technologies Paris - 75 Stage Voir l’offre il y a 6 jours,https://www.hellowork.com/fr-fr/emplois/72285722.html
Business Data Analyst Expérimenté H/FAstek,Business Data Analyst Expérimenté H/F Astek Paris 1er - 75 CDI Télétravail partiel Voir l’offre il y a 8 jours,https://www.hellowork.com/fr-fr/emplois/73281255.html
Growth Data Analyst - Intern M - F - N H/FHelloFresh,Growth Data Analyst - Intern M - F - N H/F HelloFresh Paris - 75 Stage Télétravail occasionnel 6 mois Voir l’offre il y a 8 jours,https://www.hellowork.com/fr-fr/emplois/62401451.html
Stage - Data Analyst - Scientist H/FCrédit Agricole Assurances,Stage - Data Analyst - Scientist H/F Crédit Agricole Assurances Paris - 75 Stage 670 € / mois Télétravail partiel Voir l’offre il y a 8 jours,https://www.hellowork.com/fr-fr/emplois/73291167.html
Data Analyst - Stratégie et Transformation - CDI H/F5 A SEC France,Data Analyst - Stratégie et Transformation - CDI H/F 5 A SEC France Paris 2e - 75 CDI Télétravail partiel Voir l’offre il y a 8 heures,https://www.hellowork.com/fr-fr/emplois/73584845.html
Data Scientist - Data Analyst H/FConsort Group,Data Scientist - Data Analyst H/F Consort Group Paris 17e - 75 CDI 50 000 - 70 000 € / an Télétravail partiel Voir l’offre il y a 19 jours,https://www.hellowork.com/fr-fr/emplois/71839552.html
Data Analyst Expert Dataiku H/FAezan,Data Analyst Expert Dataiku H/F Aezan Paris - 75 Freelance Voir l’offre il y a 8 jours,https://www.hellowork.com/fr-fr/emplois/73272518.html
Data Analyst - Analyste de Données - Myreport H/FGagneraud Construction Siège,Data Analyst - Analyste de Données - Myreport H/F Gagneraud Construction Siège Paris 16e - 75 CDI 40 000 - 45 000 € / an Voir l’offre il y a 20 jours,https://www.hellowork.com/fr-fr/emplois/71775002.html
Data Analyst Banque Expérimenté H/FAlteca,Data Analyst Banque Expérimenté H/F Alteca Paris - 75 CDI Voir l’offre il y a 18 jours,https://www.hellowork.com/fr-fr/emplois/71887892.html
Stagiaire - Data Analyst - Direction Avv H/FSFR,Stagiaire - Data Analyst - Direction Avv H/F SFR Paris 15e - 75 Stage Voir l’offre il y a 12 jours,https://www.hellowork.com/fr-fr/emplois/72089538.html
Stagiaire - Data Analyst H/FSFR,Stagiaire - Data Analyst H/F SFR Paris 15e - 75 Stage Voir l’offre il y a 23 jours,https://www.hellowork.com/fr-fr/emplois/72726646.html
Stage - Data Analyst Sécurité Financière H/FBNP Paribas,Stage - Data Analyst Sécurité Financière H/F BNP Paribas Paris - 75 Stage Télétravail partiel Voir l’offre il y a 13 jours,https://www.hellowork.com/fr-fr/emplois/73105431.html
Data Analyst Alternance H/FDSTI School of Engineering,Data Analyst Alternance H/F DSTI School of Engineering Paris - 75 Alternance Télétravail occasionnel 24 mois Voir l’offre il y a 23 jours,https://www.hellowork.com/fr-fr/emplois/48843526.html
Data Analyst - Stage - Paris H/FPapernest,Data Analyst - Stage - Paris H/F Papernest Paris 19e - 75 Stage Télétravail partiel Voir l’offre il y a 20 jours,https://www.hellowork.com/fr-fr/emplois/69367387.html
Alternance - Data Analyst Junior H/FStudi CFA,"Alternance - Data Analyst Junior H/F Studi CFA Paris 2e - 75 Alternance 486,49 - 1 801,80 € / mois Voir l’offre il y a 19 jours",https://www.hellowork.com/fr-fr/emplois/72876369.html
Consultant Data Analyst & Excellence Sourcing H/FEPSA,Consultant Data Analyst & Excellence Sourcing H/F EPSA Paris 7e - 75 Freelance Voir l’offre il y a 11 heures,https://www.hellowork.com/fr-fr/emplois/73579573.html
Senior Data Analyst - Paris H/FSWILE,Senior Data Analyst - Paris H/F SWILE Paris - 75 CDI Voir l’offre il y a 26 jours,https://www.hellowork.com/fr-fr/emplois/71554533.html
